0.16621,33.877
0.30003,29.266
0.71417,33.828
0.21928,22.679
0.0301,226.23
0.2619,34.628
0.21017,46.198
0.030341,139.64
0.013991,264.87
0.24821,35.531
0.41552,32.025
0.22078,22.111
0.39091,22.717
0.050354,181.98
0.28656,16.927
0.44793,36.229
0.84694,38.788
0.11381,37.746
0.18233,65.779
0.06005,125
0.54566,26.531
0.48961,19.228
0.56388,30.999
0.35728,41.794
0.16769,20.349
0.42575,10.575
0.69048,9.0198
0.44568,26.198
0.23768,35.334
0.23291,26.103
0.10663,72.923
0.40709,44.274
0.32069,33.187
0.21084,16.429
0.34612,12.597
0.34253,19.705
0.3523,17.59
0.35103,18.298
0.026044,119.33
0.2359,35.635
0.38135,27.939
0.2384,40.205
0.15242,28.608
0.093683,49.068
0.37003,20.145
0.03078,117.22
0.11734,31.116
0.21502,29.291
0.16947,31.287
0.33788,11.738
0.27665,14.638
0.1201,54.992
0.066027,131.72
0.081179,41850
0.096739,175.6
0.803,99.485
0.61024,64.095
0.37038,31.357
0.32333,27.633
0.2409,20.99
0.87938,9.6861
0.40543,40.111
0.18146,27.486
0.17605,24.418
0.44593,13.897
0.43784,21.152
0.12295,21.851
0.21329,53.341
0.16216,46.002
0.30544,22.923
0.7058,14.003
0.14477,24.641
0.62299,21.065
0.17928,17.28
0.1776,35.803
0.41229,118.25
0.21594,21.71
0.20874,36.122
0.46264,39.228
0.042598,197.3
0.25541,19.476
0.16165,54.692
0.078776,161.28
0.12761,59.562
0.69201,60.853
0.048013,62.142
0.059649,96.326
0.09047,108.48
0.15993,26.659
0.34902,32.324
0.40157,22.098
0.38353,29.532
0.12238,36.587
0.20461,18.756
0.059473,101.21
0.44723,18.776
0.028131,403.94
0.33357,26.89
0.36803,23.137
0.22246,24.73
0.39031,28.662
0.61483,61.318
0.26662,26.003
0.1733,29.698
0.26928,16.622
0.22324,28.457
0.54395,12.811
0.34159,23.335
0.051265,112.96
0.34364,19.055
0.55951,67.809
0.20706,26.768
0.35653,26.653
0.041689,110.33
0.24964,28.496
0.12895,43.754
0.22285,28.58
0.077732,43.856
0.24202,24.324
0.91129,102.49
0.97336,1194.7
0.90665,47.002
0.28712,23.203
0.6223,50.089
0.3619,56.581
0.35364,14.491
0.24267,39.722
0.42399,37.485
0.47777,22.166
0.26647,54.31
0.75047,13.778
0.3188,23.966
0.058637,81.396
0.024139,264.58
0.35924,28.195
0.31567,41.37
0.4203,38.723
0.68141,24.759
0.26865,29
0.83621,22.499
0.28197,20.708
0.11126,33.052
0.12982,41.624
0.43269,18.753
0.22309,36.176
0.11833,30.597
0.26276,16.668
0.090826,52.315
0.15924,52.509
0.16021,13.686
0.33661,14.661
0.20959,56.551
0.59182,32.45
0.19682,42.041
0.13653,56.443
0.4059,94.975
0.60261,19.348
0.52704,53.344
0.5811,47.356
0.1152,61.944
0.35667,75.223
0.51244,32.522
0.30654,24.887
0.018618,368.33
0.3659,38.241
0.18842,43.655
0.2448,22.103
0.30302,25.699
0.32506,23.155
0.36217,10.532
0.24904,20.729
0.63396,25.558
0.12495,42.615
0.32657,44.369
0.34442,33.884
0.19625,85.719
0.58632,46.927
0.81569,37.876
0.60055,39.739
0.64865,56.098
0.549,34.16
0.6218,27.242
0.76362,27.615
0.70555,24.957
0.10681,33.362
0.39068,30.888
0.46025,9.043
0.76044,42.277
0.34538,25.452
0.31888,13.616
0.3365,28.687
0.33773,32.619
1.0504,4.0314
0.8979,47.461
0.095346,77.334
0.41506,11.88
1.2388,6.1886
0.45445,12.749
0.53808,13.634
0.29715,20.302
0.73685,29.305
0.68085,17.107
0.043568,102.8
0.23129,40.448
0.51827,12.647
0.1284,48.177
0.31089,16.852
0.24938,17.665
0.22261,39.195
0.34898,14.073
0.52959,34.608
0.37086,19.778
0.45198,64.734
0.15544,17.82
0.28273,21.066
0.11184,148.9
0.4187,16.518
0.22506,25.952
0.20842,28.541
0.16705,64.074
0.03918,218.74
0.077681,64.898
0.077438,44.242
0.14813,380.59
0.1808,26.965
0.11065,45.952
0.3454,34.173
0.20621,21.223
0.23336,19.903
0.35354,32.124
0.066698,65.745
0.24916,23.367
0.3151,12.874
0.062702,67.219
0.079397,38.602
0.23577,23.667
0.28981,28.468
0.1521,31.324
0.44051,27.246
0.97776,100.88
0.18945,73.464
0.28276,14.132
0.29158,23.188
0.36049,16.907
0.47673,16.171
0.031724,165.51
0.45662,17.539
0.25663,26.108
0.44666,39.304
0.25203,33.837
1.2325,40.844
0.74708,55.576
0.48771,24.135
0.61383,55.874
0.63451,39.386
0.20382,28.196
0.015236,269.12
0.65123,33.894
0.37978,31.065
0.36481,54.227
0.47908,40.317
0.5692,28.295
0.41604,37.719
0.37715,19.971
0.053761,110.51
0.2485,17.368
0.20954,28.083
0.30883,14.361
0.46661,45.33
0.059525,123.05
0.10952,47.563
0.30075,14.705
0.08519,107.94
0.21446,44.835
0.1241,37.625
0.23223,15.156
0.27193,28.405
0.046361,135.91
0.045065,87.196
0.087997,44.294
0.13072,48.749
0.12196,59.85
0.035725,188.19
0.11017,43.193
0.20143,31.561
0.56947,40.103
0.074236,59.228
0.15725,47.15
0.26969,80.771
0.27426,167.25
0.18243,10327
0.13118,52.428
0.082508,115.83
0.23015,17.947
0.46132,45.796
0.24322,28.733
0.2372,28.052
0.85823,20.865
0.10597,47.436
0.16068,33.788
0.31214,19.214
0.41836,55.878
0.51797,30.769
0.53312,43.01
0.39819,31.216
0.45,58.033
0.57164,35.375
0.26866,48.054
0.11029,31.548
0.49761,45.985
0.13259,41.848
0.13547,24.093
0.74491,91.584
0.5877,53.675
0.40915,28.842
0.58857,28.703
0.033047,128.52
0.43579,26.695
0.8707,22.311
0.22581,16.705
0.1604,25.597
0.15158,24.373
0.041581,98.435
0.45353,18.404
0.12906,28.56
0.091713,49.867
0.72187,45.554
0.22046,26.157
0.14561,27.788
0.27242,27.614
0.69891,59.392
0.15199,19.454
0.36063,25.682
0.18204,24.498
0.021892,300.31
0.039285,94.781
0.31017,24.526
0.38035,30.762
0.4428,22.059
0.24608,35.538
0.058481,69.205
0.13533,46.965
0.3526,19.859
0.30039,23.593
0.098597,35.211
0.084189,59.749
0.5076,54.233
0.23504,18.284
0.22864,46.374
0.25212,25.103
0.15496,43.573
0.055579,76.4
0.19997,21.203
0.43838,45.13
0.13153,38.082
0.081888,46.631
0.25548,38.668
0.41447,31.788
0.17029,20.784
0.44431,32.091
0.41497,23.621
0.10491,56.541
0.38606,25.293
0.050169,157.31
0.43788,14.754
0.34082,20.928
0.54098,29.018
0.53705,33.044
0.047669,120.18
0.58375,13.511
0.38335,15.136
0.36075,23.724
0.48409,56.39
0.087774,46.834
0.23028,86.818
0.58435,104.78
0.67772,19.685
0.097787,32.595
0.37715,19.732
0.30671,22.214
0.18823,36.262
0.49983,30.191
0.1335,9604.9
0.5677,75.842
0.36056,50.884
0.39016,50.76
0.3622,28.977
0.43588,79.119
1.196,1640.1
0.21712,21.245
0.40938,29.058
0.36317,31.2
0.2184,43.772
0.24921,31.121
0.19328,45.205
0.15039,41.514
0.093342,62.523
0.6131,26.278
0.29085,30.174
0.27538,37.292
0.26355,16.727
0.12637,39.614
0.3851,30.4
0.44969,18.96
0.36665,27.851
0.35464,31.265
0.37529,28.767
0.21079,45.238
0.1405,35.168
0.18904,53.878
0.43689,37.939
0.42011,23.057
0.35662,21.973
0.088251,106.25
0.038942,130.26
0.081183,64.778
0.24557,17.34
0.31489,33.241
0.20751,31.567
0.051268,64.461
1.0466,12.089
1.2863,60.854
0.90632,19.956
0.4694,56.799
0.43676,21.956
0.22185,97.989
0.6449,42.047
0.83035,51.048
0.36577,26.838
0.11502,34.906
0.19726,18.186
0.19024,44.043
0.34569,26.343
0.19219,19.452
0.19067,50.275
0.25847,38.214
0.05898,183.89
0.49784,35.198
0.34727,40.583
0.40921,28.232
0.15558,45.483
0.44665,13.899
0.49102,21.871
0.38101,15.951
0.063103,114.43
0.52083,9.7779
0.36047,18.274
0.19635,57.084
0.46313,65.367
0.91471,50.898
1.0265,38.282
0.18669,71.417
0.30551,79.629
2.1421,6.146
0.51658,24.253
0.053149,93.09
0.34654,30.544
0.52053,39.199
0.59948,88.17
0.62506,73.914
0.38994,22.664
0.076372,52.671
0.48567,76.11
0.38272,59.252
0.45112,32.891
0.31326,8.3724
0.27934,20.575
0.18645,33.247
0.34172,20.299
0.45871,15.732
0.30956,83.312
0.39313,13.325
0.068641,85.563
0.38181,42.405
0.3014,26.757
0.20989,39.027
0.24279,19.979
0.19068,7357.1
0.053604,137.49
0.35437,33.119
0.0425,117.29
0.34315,19.644
0.74133,40.183
0.47595,16.918
0.41225,18.929
0.23197,15.084
0.93447,21.678
0.33084,25.185
0.12226,64.858
0.25044,30.522
0.020347,378.72
0.15053,34.183
0.13648,46.3
0.28884,17.252
0.45636,26.745
0.10715,113.06
0.3,24.093
0.40441,22.584
0.7524,15.88
0.45393,37.593
0.18871,27.831
0.35464,37.886
0.35629,32.395
0.34797,19.395
0.19176,21.398
0.35448,31.358
0.40633,25.597
0.17202,32.059
0.18551,26.227
0.17455,50.492
0.16719,25.194
0.28984,13.659
0.31336,22.665
0.58116,22.526
0.1031,62.543
0.33695,12.734
0.19307,28.783
0.203,23.449
0.18763,31.089
0.10768,19.03
0.048928,108.28
0.087033,34.578
0.23547,25.402
0.023895,266.33
0.12091,49.718
0.38131,7.2032
0.45054,19.058
0.17235,17.757
0.33618,16.169
0.16318,25.575
0.42944,21.385
0.31842,12.514
0.24391,45.665
0.19596,35.165
0.34137,27.359
0.047677,66.796
0.029888,173.76
0.36365,34.443
0.27919,40.911
0.022182,176.29
0.23259,34.836
0.28464,60.091
0.18102,12.254
0.34699,29.059
0.34954,11.201
0.25379,34.928
0.59615,16.265
0.10754,66.015
0.085639,45.5
0.23542,31.654
0.26192,28.007
0.33867,9.3237
0.17255,44.567
0.09934,27.722
0.3743,27.985
0.50042,11.764
0.29419,13.555
0.39974,31.181
0.61404,66.86
0.17817,40.638
0.34615,30.137
0.30781,33.172
0.1982,17.516
0.19621,20.541
0.32591,42.303
0.29299,39.203
0.23559,37.448
0.42608,39.932
0.81738,45.087
0.15029,45.321
0.064974,84.505
0.29708,34.518
0.5528,8.6609
0.065619,47.205
0.21517,7677.8
0.067303,57.54
0.012264,258.38
0.078543,50.481
0.37072,34.739
0.28698,25.218
0.29779,48.906
0.23831,51.887
0.79645,64.913
0.043953,125.11
0.29021,36.532
0.18507,25.148
0.36051,35.518
0.34416,21.934
0.20453,21.966
0.23038,18.859
0.12285,44.67
0.0073474,686.84
0.18389,38.586
0.18228,41.186
0.45533,45.783
0.48885,31.231
0.41092,68.593
0.54414,40.657
0.34528,37.619
0.28143,36.317
0.48239,37.737
0.4531,25.077
0.37836,36.637
0.70291,32.614
0.47366,33.293
0.15965,46.426
0.20272,38.246
0.28187,15.661
0.37809,23.308
0.28051,36.658
0.49677,35.235
0.40719,34.283
0.21712,78.285
0.54346,30.059
0.42513,32.437
0.37623,36.69
0.32394,18.521
0.030488,201.31
0.38566,35.34
0.61392,6.1388
0.1024,47.555
0.15261,41.255
0.0089028,293.64
0.29305,24.348
0.32214,25.78
0.34811,26.677
0.62157,40.089
0.16884,40.386
0.24822,41.38
0.14361,53.758
0.40966,16.835
0.51166,30.266
0.090517,52.53
0.55164,21.805
0.041191,98.075
0.43645,21.018
0.14256,22.196
0.66239,21.487
0.20906,40.479
0.91364,9.0176
0.17747,61.67
0.15043,33.801
0.33463,44.53
0.1029,68.441
0.73486,50.059
0.078923,72.99
0.38587,17.376
0.3369,51.991
0.35823,35.928
0.19504,38.406
0.19977,40.096
0.12017,60.78
0.11668,52.869
0.2492,22.381
0.16671,32.824
0.15221,27.882
0.11408,42.967
0.45135,16.59
0.24916,74.06
0.39379,12.547
0.23192,24.285
0.49958,62.441
0.20219,16.762
0.19598,38.551
0.26372,26.345
0.22172,29.508
0.21573,36.154
0.064535,88.901
0.29662,16.293
0.1971,30.091
0.14165,23.262
0.41898,25.769
0.42958,25.655
0.18383,16.247
0.25188,26.623
0.14346,28.49
0.29753,24.614
0.11552,82.731
0.030222,179.79
0.12227,31.833
0.16896,22.326
0.50489,16.638
0.44983,11.801
0.05446,117
0.28048,27.995
0.090273,45.745
0.44045,37.082
0.058045,118.52
0.50602,107.37
0.48112,29.568
0.54244,64.941
0.036737,111.96
0.11887,32.679
0.45901,34.629
0.19062,22.872
0.62596,6.6739
0.30421,23.661
0.4048,45.26
0.22277,32.782
0.21494,27.217
0.11223,49.842
0.35387,14.069
0.25816,18.494
0.11002,95.136
0.34006,21.772
0.089692,162.19
0.049388,74.753
0.16943,31.668
0.18458,96.169
0.50714,47.664
0.26671,26.836
0.13156,54.305
0.76405,56.765
0.42941,32.073
0.26353,22.651
0.2469,28.144
0.29871,23.242
0.33931,49.359
0.11233,50.798
0.12049,347.23
0.46388,54.527
0.27567,27.562
0.2784,23.395
0.35289,4554.8
0.29417,19.155
0.33191,20.435
0.080626,65.612
0.20066,16.937
0.33169,11.313
0.13778,43.901
0.49829,39.824
0.8217,60.569
0.13468,39.283
0.49307,16.984
0.30901,43.768
0.21469,46.561
0.18401,33.371
0.29749,22.065
0.13819,34.46
0.06408,65.432
0.32537,55.322
0.30238,16.731
0.36909,9.9138
0.29547,104.84
0.11344,63.745
0.27725,28.859
0.43575,7.8742
0.50939,20.713
0.41467,16.21
0.47567,27.906
0.15211,39.313
0.017945,404.47
0.50433,54.754
0.28534,45.012
0.2225,20.916
0.28617,24.265
0.076647,71.669
0.29873,23.434
0.042256,99.813
0.56169,26.983
0.39312,21.191
0.34642,15.711
0.087636,45.264
0.18403,34.502
0.03378,136.82
0.030192,104.76
0.26081,32.605
0.51627,37.366
0.2021,23.74
0.29942,22.899
0.32727,20.585
0.14348,23.274
0.19421,37.238
0.47733,28.479
0.19614,26.736
0.16882,51.404
0.47026,18.434
0.61087,9.3715
0.18827,25.542
0.34484,18.349
0.12426,46.459
0.40888,16.835
0.11265,38.387
0.331,17.318
0.37635,26.141
0.3393,24.842
0.044697,124.98
0.077466,104.28
0.013879,424.91
0.63327,62.014
0.35647,28.032
1.1372,32.966
0.48512,13.731
0.75266,39.418
0.57326,35.115
0.40786,15.587
0.52552,33.324
0.079818,71.131
0.1296,57.04
0.22097,26.437
0.17075,26.352
0.48629,13.362
0.2994,18.279
0.3237,16.894
0.30853,47.634
0.025391,196.42
0.46149,27.074
0.10938,47.953
0.2926,21.117
0.10784,91.951
0.35468,21.782
0.44744,14.102
0.17356,16.712
0.082614,56.001
0.11958,29.243
0.2977,19.62
0.72225,24.698
0.10526,53.83
0.41961,34.37
0.026933,138.09
0.48674,78.976
0.45609,20.777
0.30227,14.492
0.12379,41.7
0.1296,34.126
0.44069,23.7
0.10603,41.594
0.091631,36.194
0.1361,52.364
0.41662,36.161
0.25546,24.32
0.020269,237.29
0.29273,21.221
0.15459,36.022
0.24217,29.239
0.33733,31.851
0.23732,48.585
0.4991,38.178
0.18736,17.734
0.23353,17.821
0.014686,328.26
0.64044,84.8
0.35807,23.354
0.31234,21.804
0.14583,18.098
0.25173,38.682
0.25774,18.266
0.34628,29.915
0.083979,79.634
0.052354,86.857
0.035171,156.42
0.53892,23.803
0.48106,41.319
0.035388,133.8
0.3699,16.252
0.09607,66.638
0.018946,370.18
0.098293,115.4
0.32195,25.089
0.65986,34.282
0.081294,112.21
0.23664,13.019
0.11867,18.56
0.34221,19.237
0.41815,76.829
0.2157,23.788
0.26778,37.406
0.23356,9.3846
0.57518,13.604
0.55978,65.257
0.47548,36.077
0.19298,66.669
0.029625,104.34
0.10733,41.254
0.20892,22.518
0.27989,25.005
0.23641,34.33
0.016913,314.64
0.16339,25.629
0.18427,20.7
0.061664,72.525
0.10903,51.153
0.15748,28.68
0.88415,39.44
1.958,4.6661
0.41265,10.357
0.53225,97.102
0.33091,17.536
0.45668,22.764
0.49517,103.04
0.50002,75.811
0.58563,28.842
0.34228,15.226
0.5597,35.277
0.35098,31.54
0.32936,18.132
0.035196,127.87
0.15068,23.312
0.053028,200.67
0.14806,23.203
0.048295,130.69
0.077838,62.901
0.051401,214.19
0.25293,24.059
0.42636,56.273
0.25362,25
0.26565,26.473
0.59322,27.753
0.62297,102.99
0.31235,70.042
0.51156,56.865
0.23126,37.583
0.33392,16.567
0.15931,35.723
0.074373,46.19
0.38702,20.711
0.47782,36.113
0.34928,37.195
0.010849,468.23
0.1459,28.348
0.16816,35.563
0.28465,63.852
0.27349,16.116
0.18792,29.396
0.34515,26.417
0.46337,12.937
0.31475,17.28
0.30347,44.202
0.25655,20.664
0.1778,29.312
0.15852,26.869
0.3597,53.344
0.71229,51.622
0.15106,53.685
0.29402,17.847
0.86782,36.292
0.55488,32.317
0.49053,14.135
0.21422,20.826
0.2537,31.657
0.35108,44.916
0.17858,29.671
0.059062,78.881
0.028952,79.606
0.13229,44.141
0.15734,49.566
0.033528,263.01
0.50699,17.571
0.3235,36.507
0.13012,79.231
0.37147,9.6036
0.5439,39.555
0.3782,23.743
0.32597,23.597
0.16182,16.305
0.40933,28.132
0.090015,81.418
0.19771,35.259
0.22542,17.233
0.26582,36.954
0.84219,9.9264
0.10856,39.852
0.24509,13.909
0.10862,55.39
0.26661,21.797
0.32671,10.402
0.20413,41.148
0.52374,50.224
0.13831,51.811
0.56734,37.343
0.083799,70.195
0.2322,44.584
0.32654,37.255
0.12336,60.18
0.69712,48.911
0.46758,35.739
0.31513,17.67
0.11056,48.26
0.57205,34.054
0.2958,22.514
0.36037,7.2226
0.73768,51.987
0.18295,24.291
0.15553,53.289
0.04366,159.28
0.48559,19.309
0.29878,33.083
0.49253,28.75
0.014334,324.77
0.25454,7264.3
0.88349,52.806
0.42392,28.019
0.050217,106.3
0.29114,26.546
0.33488,20.739
0.35692,26.992
0.27082,17.637
0.4276,29.266
0.17825,21.923
0.43261,27.397
0.21861,35.577
0.40473,45.819
0.49184,43.791
0.55531,73.964
0.01141,163.36
0.17899,35.872
0.30656,23.51
0.29663,6537.5
0.57258,56.883
0.32827,23.383
0.2863,24.882
0.54578,46.525
0.42924,45.102
0.20809,27.345
0.2402,55.695
0.55001,42.615
0.55148,21.518
0.4256,31.511
0.29205,10.149
0.31301,28.327
0.30154,16.045
0.401,49.823
0.37701,25.551
0.30379,25.362
0.024784,257.02
0.04923,82.162
0.12625,36.151
0.31123,20.477
0.46037,43.717
0.2411,27.71
0.12399,39.901
0.047839,67.839
0.091765,72.552
0.4599,17.179
0.27095,32.938
0.079184,137.15
0.12175,52.623
0.010747,360.79
0.24966,26.668
0.12371,59855
0.21458,29.124
0.031024,174.32
0.27298,18.953
0.066249,88.761
0.37804,12.34
0.16013,36.638
0.33609,38.308
0.44178,13.891
0.25756,19.831
0.12609,50.107
0.37792,23.737
0.091361,44.579
0.13405,37.698
0.023221,144.2
0.37479,17.476
0.14135,24.736
0.42195,43.849
0.10114,87.937
0.27333,21.378
0.30083,48.233
0.13573,54.565
0.13119,51.451
0.054715,117.06
0.053921,133.93
0.060792,97.84
0.50237,33.341
0.092417,68.431
0.39984,27.703
0.21066,19.697
0.41945,19.334
0.71827,39.136
0.2694,27.558
0.13489,48.91
0.36581,27.132
0.27231,30.253
0.29109,22.456
0.77544,24.393
0.054892,80.22
0.054014,41.353
0.15849,36.238
0.23359,40.186
0.44618,25.306
0.37287,21.604
0.48123,24.929
0.090185,85.126
0.43228,68.474
0.3692,29.133
0.37127,17.428
0.35067,22.597
0.069461,71.977
0.30311,9.6861
0.20379,28.254
0.035005,164.67
0.45724,39.079
0.25787,29.858
0.38159,39.833
0.1545,15.028
0.099645,33.518
0.040547,114.78
0.045162,102.08
0.10584,42.845
0.22517,29.685
0.068867,55.447
0.5472,26.065
0.082964,83.556
0.24073,15.184
0.17814,15.07
0.36813,17.714
0.027278,154.75
0.082759,94.738
0.15652,31.333
0.48581,26.446
0.28564,29.189
0.18485,47.411
0.46183,34.17
0.24707,23.491
0.5009,36.199
0.10053,27.987
0.32222,45.986
0.39707,23.161
0.061894,91.623
0.36981,34.626
0.20512,50.355
0.073487,81.88
0.19826,31.996
0.05792,143.33
0.16762,33.582
0.15393,48.446
0.52203,25.045
0.29667,20.636
0.2791,19.392
0.30364,13.148
0.080892,77.567
0.43788,24.363
0.39962,46.874
0.3404,22.906
0.22288,27.663
0.45365,14.17
0.28802,30.142
0.40944,22.795
0.12903,52.141
0.21458,35.518
0.19782,26.37
0.20293,28.596
0.07423,66.296
0.37255,33.033
0.03071,172.29
0.040305,134.26
0.38218,28.561
0.049702,107.22
0.51771,14.401
0.18628,30.625
0.36086,9.3636
0.12783,119.55
0.15152,28.044
0.079682,69.43
0.27178,24.356
0.50338,30.294
0.27352,47.396
0.021467,345.96
0.28983,25.128
0.19105,24.067
0.61969,24.291
0.29897,22.098
0.17887,27.714
0.026676,135.98
0.41951,33.243
0.66188,38.251
0.2091,27.536
0.20587,14.635
0.21916,29.873
0.52685,41.413
0.42829,34.834
0.14673,58.78
0.54163,26.695
0.18458,22.747
0.36475,14.373
0.36518,14.348
0.015678,334.87
0.42621,25.375
0.18386,45.23
0.22722,30.831
0.24439,15.491
0.40753,17.546
0.23093,54.602
0.22094,29.603
0.32913,14.631
0.3314,17.784
0.4608,23.667
0.32223,20.272
0.30953,17.006
0.51008,55.121
0.35054,20.023
0.016477,511.04
0.097224,41.804
0.13508,80.532
0.24425,29.832
0.061091,143.48
0.131,37.021
0.47142,39.65
1.269,21.555
0.80479,50.347
0.87158,34.617
1.0945,54.008
0.45217,46.099
0.45291,40.436
0.17306,28.294
0.19922,38.906
0.55974,36.117
0.11489,104.11
0.63204,33.604
0.2895,45.123
0.55245,39.44
0.79608,54.594
0.72466,45.956
0.45913,35.535
0.13479,49.992
0.32113,55.287
0.5124,21.403
0.58342,31.061
0.43813,26.43
0.21269,28.672
0.63394,22.949
0.58424,32.504
0.21228,24.925
0.26598,24.716
0.75309,48.483
0.61712,59.595
0.2164,36.204
0.20531,23.817
0.10595,37.353
0.18975,25.619
0.38132,10.929
0.22101,19.072
0.16511,22.95
0.34156,17.444
0.014013,348
0.25223,29.249
0.44696,20.685
0.10247,64.764
0.019955,236.07
0.20337,48.323
0.57123,43.872
0.74847,63.176
0.12557,28.01
0.029057,269.01
0.2382,22.901
0.019972,266.16
0.28375,21.793
0.14592,71.465
0.03408,112.29
0.32841,25.158
0.28401,19.133
0.23254,31.925
0.38558,17.804
0.54307,41.801
0.23099,23.38
0.343,30.662
0.46983,92.242
0.35548,11.755
0.65612,16.182
0.34955,19.044
0.28377,28.415
0.22031,25.618
0.24734,20.914
0.097347,67.732
0.11332,56.526
0.28444,16.221
0.10988,53.555
0.13186,39.133
0.27014,12.914
0.054424,73.667
0.065861,66.1
0.35288,23.252
0.29292,10.631
0.34105,27.019
0.28245,15.608
0.42893,33.897
0.24248,18.344
0.22427,42.695
0.37982,18.819
0.0064539,690.45
0.35278,22.704
0.14398,32.686
0.07894,58.535
0.29479,35.807
0.56461,9.7164
0.2859,15.165
0.34221,19.399
0.60856,25.448
0.51418,30.497
0.30362,15.011
0.19675,21.753
0.038614,100.8
0.17684,54.004
0.15911,23.329
0.17466,14.766
0.67779,28.012
0.55597,26.154
0.53499,31.63
0.21304,49.168
0.36259,34.96
0.39231,21.761
0.35615,29.431
0.40359,28.212
1.2357,19.539
0.41656,20.266
0.50303,22.228
0.28212,18.805
0.2522,15.086
0.1467,27.135
0.30366,36.401
0.37416,19.647
0.40627,57.192
0.35329,21.553
0.091626,48.291
0.022032,228.24
0.38688,17.206
0.38415,36.556
0.24856,26.095
0.34113,30.533
0.092506,20.96
0.14715,33.329
0.34179,39.805
0.62027,49.417
0.021392,246.49
0.1796,44.639
0.41083,25.597
0.83899,26.234
0.38817,29.525
0.50432,25.885
0.2265,25.097
0.2923,32.586
0.53436,99.761
0.58099,21.963
0.22373,20.157
0.3572,30.488
0.56014,42.305
0.38973,58.817
0.39966,46.654
0.485,42.322
0.027718,198.29
0.52608,42.542
0.42918,13.385
0.51293,19.42
0.21169,26.644
0.32693,25.236
0.1006,31.478
0.41116,30.284
0.056686,76.369
0.097615,47.318
0.17675,28.389
0.022566,235.44
0.20978,29.063
0.16719,30.082
0.44382,23.336
0.22064,15.206
0.034676,94.442
0.24191,22.892
0.52396,34.587
0.29616,22.783
0.38309,36.666
0.023784,508.62
0.32794,22.245
0.12599,45.8
0.080843,56.099
0.026553,277.58
0.40174,32.694
0.31198,11.519
0.09311,73.782
0.41041,17.451
0.08408,130.85
0.35215,18.351
0.53198,22.203
0.2119,45.445
0.12903,39.188
0.34292,13.36
0.70155,5.8423
0.062857,72.491
0.06008,149.17
0.45103,26.05
0.12271,70.615
0.29077,21.972
0.38232,25.354
0.45565,24.313
0.29768,21.728
0.017272,265.55
0.31961,15.76
0.22088,47.072
0.070216,91.554
0.28811,21.389
0.35622,20.83
0.55587,4.7668
0.083777,123.8
0.30497,31.958
0.11818,67.276
0.40321,39.841
0.46755,17.114
0.075263,94.866
0.30735,33.047
0.47707,20.922
0.25406,30.585
0.58326,36.609
0.26283,21.859
0.27048,23.481
0.090229,82.329
0.11953,17.057
0.20132,25.5
0.49364,57.191
0.26754,19.55
0.10405,446.17
0.50137,26.099
0.065108,114.42
0.5587,19.962
0.076284,47.487
0.24398,16.997
0.078654,99.884
0.041824,92.939
0.2078,27.177
0.060084,115.28
0.58322,38.416
0.20246,90.125
0.54128,27.852
0.15888,19.335
0.43287,27.85
0.13808,76.041
0.34017,16.036
0.10148,70.856
0.29163,29.221
0.021989,277.31
0.034897,124.69
0.067248,90.728
0.015985,433.36
0.0083189,149.23
0.6163,53.619
0.21999,43.017
0.10427,60.552
0.46566,47.746
0.51134,8.8599
0.1081,131.74
0.071825,45.199
0.14686,54.636
0.62741,40.363
0.37814,48.633
0.39516,23.977
0.4624,28.84
0.24307,18.16
0.41909,24.714
0.29431,21.655
0.15978,24.484
0.13632,45.861
0.417,23.352
0.020879,275.02
0.22249,33.078
0.68941,29.035
0.15517,44.631
0.12795,24.376
0.11044,41.484
0.26695,22.304
0.36454,12.279
0.28012,32.344
0.42133,97.248
0.55551,44.381
0.22817,35.275
0.46262,19.926
0.54718,39.093
0.60134,38.268
0.55863,53.781
0.76418,52.358
0.91754,38.901
0.34667,23.622
0.46947,26.907
0.49612,67.89
0.46283,30.597
0.50705,14.375
0.34423,55.424
0.54571,32.911
0.43978,29.824
0.40192,19.218
0.36533,20.51
0.40943,53.615
0.14818,84.928
0.22452,47.066
0.46603,20.46
0.36234,25.72
0.50584,18.587
0.48474,40.613
0.59054,34.766
0.4054,18.939
0.051981,133.92
0.019442,247.51
0.14686,39.392
0.15413,23.181
0.026568,161.5
0.36285,16.045
0.33381,40.667
0.25488,18.668
0.3448,20.558
0.35631,17.711
0.44519,24.644
0.17361,20.955
0.30862,22.982
0.14576,51.695
0.12579,68.272
0.15033,27.546
0.15788,38.659
0.62208,17.519
0.041932,128.18
0.26601,21.813
0.21878,12.123
0.23728,167.68
0.25375,44.677
0.047704,99.404
0.34078,16.921
0.27744,17.741
0.16625,16.858
0.33963,27.76
0.65334,9.1629
0.46777,24.878
0.15721,74.047
0.30113,52.808
0.57768,19.618
0.42423,23.417
0.24835,20.563
0.51081,37.886
0.3427,17.721
0.28787,30.616
0.048441,191.84
0.365,19.44
0.2618,35.078
0.41222,29.758
0.24916,22.506
0.39205,35.845
0.085729,65.825
0.76145,36.17
0.37572,19.684
0.023667,138.52
0.06157,72.73
0.14187,74.069
0.32238,25.098
0.19185,31.359
0.22807,12.458
0.024987,212.25
0.39809,14.669
0.11638,32.67
0.19618,31.537
0.48693,12.442
0.056317,72.263
0.12804,42.464
0.21106,27.493
0.16896,36.076
0.26857,18.901
0.36553,42.174
0.33991,32.644
0.16442,38.686
0.20711,37.257
0.1603,40.471
0.4117,21.01
0.21636,26.87
0.078093,68.275
0.10713,40.399
0.15002,44.259
0.30425,12.846
0.47126,41.464
0.64823,20.647
0.45356,76.023
0.27134,43.773
0.44941,51.164
0.69709,37.386
0.41399,9.8569
0.14965,45.498
0.14596,80.021
0.21212,15.208
0.51512,22.492
0.32846,24.653
0.35302,37.607
0.13738,21.532
0.40423,20.628
0.15219,26.676
0.086961,31.968
0.30377,35.885
0.4442,33.096
0.20857,34.794
0.054565,141.14
0.0095173,636.36
0.033678,199.72
0.036271,135.3
0.29601,25.937
0.15232,18.61
0.09498,78.978
0.034188,256.32
0.2469,26.583
0.39705,26.835
0.24921,24.194
0.39826,28.204
0.065836,61.652
0.27949,25.98
0.14706,13.059
0.20642,23.631
0.6835,92.256
0.1323,43.101
0.51122,28.545
0.18702,34.87
0.095324,147.93
0.40282,28.096
0.24645,36.81
0.33779,27.48
1.0386,20.78
0.21216,30.672
0.37804,27.826
0.75767,48.699
0.20576,34.32
0.32679,40.543
0.62912,39.947
0.42486,24.079
0.66276,317.41
0.1862,35.434
0.27926,27.209
1.2261,35.743
0.56647,25.646
0.67517,31.184
0.88478,45.295
0.34965,3381.7
1.0966,75.475
0.20161,23.779
0.30523,19.368
0.082716,88.624
0.55759,33.772
0.286,17.756
0.39026,62.558
0.23196,25.73
0.2856,33.918
0.27349,34.088
0.021792,269.08
0.13114,32.146
0.055026,94.043
0.41399,30.547
0.22253,10.59
0.53653,31.381
0.67183,18.617
0.63444,37.031
0.24925,31.39
0.21259,34.874
0.45146,34.346
0.24334,19.803
0.42877,52.389
0.23079,44.126
0.228,6012.9
0.020997,187.81
0.19447,31.781
0.085695,104.45
0.33292,24.596
0.042426,105.1
0.29153,30.001
0.48179,25.284
0.47617,18.629
0.35471,43.621
0.26957,27.288
0.28588,22.126
0.28673,16.146
0.56821,19.907
0.32279,46.714
0.057305,132.13
0.14307,31.465
0.34867,40.398
0.22327,29.958
0.036724,100.21
0.47679,36.533
0.007964,581.8
0.25797,34.185
0.38573,41.637
0.60003,31.381
0.58751,42.092
0.36709,58.891
0.1109,44.103
0.34597,31.645
0.068676,171.22
0.38913,14.129
0.11179,54.468
0.13527,35.991
0.039692,175.16
0.44958,21.067
0.46148,24.261
0.57994,36.944
0.64889,23.545
0.34501,76.185
0.27109,22.735
0.24193,23.953
0.47435,32.012
0.53319,44.084
0.2256,30.777
0.80547,75.852
0.54421,36.961
0.044448,195.69
0.14966,29.269
0.57907,16.971
0.36555,30.338
0.60993,31.908
0.68433,29.341
0.39387,188.69
0.21825,22.47
0.50106,110.88
0.22767,7159.8
0.071964,84.017
0.21106,20.272
0.2494,19.83
0.41363,42.12
0.27813,55.911
0.43182,22.72
0.084954,76.836
0.081526,19.139
0.21541,30.876
0.21061,48.419
0.30405,21.399
0.29182,27.584
0.91156,35.227
0.43424,28.146
0.22892,30.422
0.81186,43.41
0.49866,7.2006
0.46975,25.494
0.3264,44.531
0.2815,20.206
0.20072,20.913
0.15192,53.051
0.49652,18.773
0.26854,17.268
0.23349,46.755
0.39489,44.011
0.44555,6.835
0.23441,27.732
0.16376,21.872
0.22698,31.479
0.12509,33.24
0.43805,19.877
0.061221,184.66
0.27705,16.038
0.25235,34.096
0.571,32.546
0.27151,15.372
0.19114,46.614
0.16988,75.577
0.12381,39.2
0.26337,31.759
0.08618,59.181
0.34532,25.993
0.44721,13.221
0.37682,15.75
0.2813,19.771
0.40525,23.57
0.41832,26.079
0.47678,15.45
0.10088,69.172
0.40791,21.777
0.089888,31.505
0.28725,21.161
0.034936,116.93
0.39771,15.73
0.18547,10.997
0.086359,60.448
0.34186,24.85
0.23142,40.382
0.29427,19.965
0.11805,24.317
0.27389,20.153
0.098647,20.006
0.071942,52.06
0.28403,21.526
0.30346,23.235
0.38716,28.911
0.13183,56.107
0.17183,47.352
0.41723,33.993
0.28389,23.537
0.28028,23.603
0.17222,34.347
0.22406,18.331
0.20328,21.293
0.13402,21.025
0.27425,16.77
0.29475,40.875
0.80406,26.529
0.53386,27.698
0.13291,70.596
0.13798,22.234
0.5014,38.292
0.1994,35.755
0.35077,33.232
0.34023,22.517
0.42253,13.5
0.31274,29.027
0.5932,23.769
0.29248,44.904
0.14266,39.147
0.45504,49.259
0.37608,16.161
0.17029,16.174
0.054464,129.72
0.10697,50.251
0.42074,6827.9
0.11672,14.594
0.97144,32.215
0.47945,33.866
0.23932,23.887
0.12552,54.345
0.0478,174.26
0.42863,22.737
0.12086,78.045
0.063178,126.76
0.43168,21.325
0.02611,119.28
0.068458,93.275
0.62612,46.7
0.45845,29.872
0.5628,33.724
0.27754,34.478
0.15255,51.117
0.47762,26.678
0.37025,39.379
0.41337,21.916
0.33143,30.421
0.27257,18.75
0.1213,60.378
0.044118,128.15
0.29505,25.15
0.12472,62.107
0.31714,34.971
0.31715,22.336
0.16259,79.257
0.46357,8.0374
0.34194,37.752
0.26858,38.265
0.12089,41.909
0.28519,33.53
0.41619,27.379
0.95432,22.992
0.47007,31.136
0.2934,22.755
0.24355,39.375
0.4336,23.64
0.088751,149.98
0.21142,50.436
0.20048,24.365
0.33982,53.355
0.22279,26.568
0.31797,43.643
0.16425,30.675
0.11763,62.46
0.080276,68.778
0.070722,102.68
0.30654,20.647
0.13349,137.47
0.22029,23.423
0.42716,29.821
0.43758,16.597
0.14491,38.146
0.73074,37.978
0.24588,49.621
0.21312,30.274
0.44226,17.096
0.21359,17.301
0.14984,47.105
0.4807,48.646
0.31502,27.399
0.021654,492.91
0.54258,28.397
0.28872,13.383
0.33714,12.57
0.15016,19.951
0.48441,162.79
0.5067,42.473
0.022001,290.64
0.22437,26.689
0.22059,47.241
0.27934,60.958
0.45804,26.167
0.7083,25.966
0.33185,33.109
0.23792,19.407
0.35918,32.02
0.12954,96.527
0.57794,25.207
0.54641,8.4753
0.031144,157.88
0.12908,18.963
0.21679,48.277
0.2994,18.311
0.1489,39.689
0.23863,27.825
0.48707,32.967
0.36909,24.636
0.31332,25.285
0.49135,36.062
0.228,46.861
0.48115,30.261
0.17628,41.32
0.56475,11.522
0.14536,12572
0.35298,17.739
0.11068,48.634
0.34746,25.26
0.16017,22.254
0.49883,45.775
0.5928,43.339
0.11367,56.929
0.1935,29.464
0.22466,46.148
0.15851,64.386
0.16425,322.45
0.68187,68.372
0.35793,68.032
0.17093,23.154
0.17374,15.313
0.038552,158.8
0.45325,18.264
0.4411,47.726
0.073067,60.547
0.2323,39.63
0.32868,39.936
0.10741,75.293
0.5876,14.663
0.58012,20.295
0.27803,21.401
0.43651,7.9116
0.66869,52.885
0.29247,17.566
0.50714,50.978
0.40248,36.515
0.24529,24.928
0.31567,25.571
0.27705,19.021
0.50384,71.979
0.28253,24.873
0.17709,25.748
0.44683,13.093
0.37786,33.145
0.37456,23.517
0.2224,27.109
0.56531,34.109
0.46142,22.84
0.16219,30.621
0.25964,20.036
0.61712,20.849
0.031886,148.92
0.079807,25.709
0.050834,116.19
0.059972,75.921
0.19703,49.41
0.051083,106.73
0.35043,16.245
0.36038,29.152
0.17978,45.997
0.15755,23.383
0.055078,124.86
0.2964,27.852
0.33801,16.554
0.47506,28.666
0.14489,59.133
0.52374,49.431
0.29213,44.962
0.22138,28.407
0.2387,26.966
0.3621,23.99
0.35131,27.127
0.012713,662.47
0.063982,67.238
0.37095,49.317
0.36375,32.252
0.13147,43.242
0.47348,37.424
0.44878,30.853
0.27689,17.624
0.021647,359
0.15432,50.767
0.062304,66.88
0.2127,30.697
0.2234,21.331
0.29457,30.453
0.68223,76.059
0.51929,38.712
0.20373,38.91
0.11506,46.399
0.07825,33.683
0.06112,58.28
0.4172,20.689
0.24156,23.481
0.21173,7794.3
0.25389,274.36
0.63647,91.822
0.59622,29.339
0.32805,18.402
0.33478,21.189
0.19216,20.58
0.27688,28.704
0.24847,44.689
0.35441,31.097
0.15084,56.244
0.54159,31.67
0.11996,78.03
0.11613,35.402
0.19939,51.2
0.2908,21.91
0.31936,28.527
0.020689,202.15
0.18602,37.633
0.24637,31.072
0.024575,171.38
0.040016,91.913
0.43701,21.996
0.20069,45.894
0.074704,113.67
0.452,40.15
0.074753,109.85
0.018148,342.36
0.29166,24.021
0.37332,27.416
0.17093,22.075
0.44322,30.564
0.34685,34.025
0.62046,25.614
0.0084101,791.82
0.27865,16.637
0.10435,85.755
0.16164,18.931
0.29129,15.286
0.075497,34.462
0.28981,29.517
0.32234,192.65
0.49171,48.097
0.26736,13.445
0.15321,25.128
0.024351,240.61
0.57434,46.785
0.20424,32.419
0.067503,39.007
0.44084,22.968
0.57866,54.766
0.37992,31.844
0.057698,87.999
0.20358,15.919
0.086265,160.41
0.32762,20.374
0.39037,30.699
0.18049,30.381
0.066608,106.39
0.26543,26.082
0.13261,66.933
0.083391,131.58
0.47316,21.887
0.23927,23.506
0.22592,19.365
0.1895,35.146
0.30894,11.24
0.40392,17.896
0.04207,152.49
0.13873,35.263
0.16405,24.768
0.24393,24.087
0.35629,21.922
0.39125,20.358
0.38971,17.258
0.022814,345.95
0.22394,36.977
0.46624,26.263
0.19117,39.958
0.41676,18.566
0.23583,20.033
0.31611,26.587
0.12927,42.705
0.7203,34.099
0.52188,50.716
0.13488,77.014
0.43272,28.287
0.008284,413.79
2.0222,38.236
0.33688,48.33
0.15271,45.732
0.012744,360.09
0.19016,59.493
0.41503,29.005
0.098445,63.876
0.34047,14.925
0.090474,64.861
0.49098,26.887
0.5108,18.968
0.3236,49.429
0.42065,27.342
0.3405,23.825
0.53842,28.798
0.50504,10.729
0.3735,24.614
0.24477,39.379
0.27614,10024
0.41347,30.148
0.47236,40.813
0.034828,206.59
0.21563,32.893
0.67315,33.918
0.40871,28.972
0.071249,177.54
0.13878,30.063
0.11256,39.466
0.4131,40.681
0.23821,28.567
0.14764,35.502
0.13751,101.48
0.31126,14.224
0.53525,54.193
0.31008,32.818
0.27063,33.273
0.22884,36.429
0.13282,31.201
0.3594,43.846
0.19874,53.885
0.20725,21.585
0.33668,12.437
0.35531,50.531
0.20348,42.918
0.24,54.477
0.14636,87.025
0.023203,182.64
0.28573,29.146
0.1846,48.13
0.0055669,753.49
0.16901,23.61
0.19004,25.381
0.24677,19.157
0.3762,25.998
0.38316,14.719
0.21332,26.627
0.25769,30.677
0.45077,12.74
0.078201,49.078
0.76464,28.458
0.76604,32.215
0.57553,41.043
0.42919,25.31
0.086807,44.779
0.2665,18.456
0.15586,34.589
0.21328,22.564
0.1644,39.964
0.061767,126.37
0.22652,35.753
0.28974,22.315
0.097356,56.534
0.052961,115.36
0.029309,147.73
0.21559,12.702
0.042741,77.495
0.43428,36.867
0.22926,17.887
0.16586,35.628
0.085623,71.655
0.30846,36.252
0.27557,20.675
0.27838,23.766
0.071187,60.676
0.1626,35.836
0.42504,22.872
0.41969,35.153
0.23371,37.898
